[
    {
        "country": "Albania",
        "capital": "Tirana",
        "flag": "//upload.wikimedia.org/wikipedia/commons/3/36/Flag_of_Albania.svg"
    },
    {
        "country": "Algeria",
        "capital": "Algeri",
        "flag": "//upload.wikimedia.org/wikipedia/commons/7/77/Flag_of_Algeria.svg"
    },
    {
        "country": "Andorra",
        "capital": "Andorra la Vella",
        "flag": "//upload.wikimedia.org/wikipedia/commons/1/19/Flag_of_Andorra.svg"
    },
    {
        "country": "Angola",
        "capital": "Luanda",
        "flag": "//upload.wikimedia.org/wikipedia/commons/9/9d/Flag_of_Angola.svg"
    },
    {
        "country": "Antigua e Barbuda",
        "capital": "Saint John's",
        "flag": "//upload.wikimedia.org/wikipedia/commons/8/89/Flag_of_Antigua_and_Barbuda.svg"
    },
    {
        "country": "Argentina",
        "capital": "Buenos Aires",
        "flag": "//upload.wikimedia.org/wikipedia/commons/1/1a/Flag_of_Argentina.svg"
    },
    {
        "country": "Armenia",
        "capital": "Erevan",
        "flag": "//upload.wikimedia.org/wikipedia/commons/2/2f/Flag_of_Armenia.svg"
    },
    {
        "country": "Australia",
        "capital": "Canberra",
        "flag": "//upload.wikimedia.org/wikipedia/commons/8/88/Flag_of_Australia_%28converted%29.svg"
    },
    {
        "country": "Austria",
        "capital": "Vienna",
        "flag": "//upload.wikimedia.org/wikipedia/commons/4/41/Flag_of_Austria.svg"
    },
    {
        "country": "Azerbaigian",
        "capital": "Baku",
        "flag": "//upload.wikimedia.org/wikipedia/commons/d/dd/Flag_of_Azerbaijan.svg"
    },
    {
        "country": "Bahamas",
        "capital": "Nassau",
        "flag": "//upload.wikimedia.org/wikipedia/commons/9/93/Flag_of_the_Bahamas.svg"
    },
    {
        "country": "Bahrein",
        "capital": "Manama",
        "flag": "//upload.wikimedia.org/wikipedia/commons/2/2c/Flag_of_Bahrain.svg"
    },
    {
        "country": "Bangladesh",
        "capital": "Dacca",
        "flag": "//upload.wikimedia.org/wikipedia/commons/f/f9/Flag_of_Bangladesh.svg"
    },
    {
        "country": "Barbados",
        "capital": "Bridgetown",
        "flag": "//upload.wikimedia.org/wikipedia/commons/e/ef/Flag_of_Barbados.svg"
    },
    {
        "country": "Bielorussia",
        "capital": "Minsk",
        "flag": "//upload.wikimedia.org/wikipedia/commons/8/85/Flag_of_Belarus.svg"
    },
    {
        "country": "Belgio",
        "capital": "Bruxelles",
        "flag": "//upload.wikimedia.org/wikipedia/commons/6/65/Flag_of_Belgium.svg"
    },
    {
        "country": "Belize",
        "capital": "Belmopan",
        "flag": "//upload.wikimedia.org/wikipedia/commons/e/e7/Flag_of_Belize.svg"
    },
    {
        "country": "Benin",
        "capital": "Porto-Novo",
        "flag": "//upload.wikimedia.org/wikipedia/commons/0/0a/Flag_of_Benin.svg"
    },
    {
        "country": "Bhutan",
        "capital": "Thimphu",
        "flag": "//upload.wikimedia.org/wikipedia/commons/9/91/Flag_of_Bhutan.svg"
    },
    {
        "country": "Bosnia ed Herzegovina",
        "capital": "Sarajevo",
        "flag": "//upload.wikimedia.org/wikipedia/commons/b/bf/Flag_of_Bosnia_and_Herzegovina.svg"
    },
    {
        "country": "Botswana",
        "capital": "Gaborone",
        "flag": "//upload.wikimedia.org/wikipedia/commons/f/fa/Flag_of_Botswana.svg"
    },
    {
        "country": "Brasile",
        "capital": "Brasília",
        "flag": "//upload.wikimedia.org/wikipedia/en/0/05/Flag_of_Brazil.svg"
    },
    {
        "country": "Bulgaria",
        "capital": "Sofia",
        "flag": "//upload.wikimedia.org/wikipedia/commons/9/9a/Flag_of_Bulgaria.svg"
    },
    {
        "country": "Burkina Faso",
        "capital": "Ouagadougou",
        "flag": "//upload.wikimedia.org/wikipedia/commons/3/31/Flag_of_Burkina_Faso.svg"
    },
    {
        "country": "Burundi",
        "capital": "Gitega",
        "flag": "//upload.wikimedia.org/wikipedia/commons/5/50/Flag_of_Burundi.svg"
    },
    {
        "country": "Cambogia",
        "capital": "Phnom Penh",
        "flag": "//upload.wikimedia.org/wikipedia/commons/8/83/Flag_of_Cambodia.svg"
    },
    {
        "country": "Camerun",
        "capital": "Yaoundè",
        "flag": "//upload.wikimedia.org/wikipedia/commons/4/4f/Flag_of_Cameroon.svg"
    },
    {
        "country": "Canada",
        "capital": "Ottawa",
        "flag": "//upload.wikimedia.org/wikipedia/en/c/cf/Flag_of_Canada.svg"
    },
    {
        "country": "Capo Verde",
        "capital": "Praia",
        "flag": "//upload.wikimedia.org/wikipedia/commons/3/38/Flag_of_Cape_Verde.svg"
    },
    {
        "country": "Repubblica centraficana",
        "capital": "Bangui",
        "flag": "//upload.wikimedia.org/wikipedia/commons/6/6f/Flag_of_the_Central_African_Republic.svg"
    },
    {
        "country": "Ciad",
        "capital": "N'Djamena",
        "flag": "//upload.wikimedia.org/wikipedia/commons/4/4b/Flag_of_Chad.svg"
    },
    {
        "country": "Cile",
        "capital": "Santiago del Cile",
        "flag": "//upload.wikimedia.org/wikipedia/commons/7/78/Flag_of_Chile.svg"
    },
    {
        "country": "Cina",
        "capital": "Pechino",
        "flag": "//upload.wikimedia.org/wikipedia/commons/f/fa/Flag_of_the_People%27s_Republic_of_China.svg"
    },
    {
        "country": "Comore",
        "capital": "Moroni",
        "flag": "//upload.wikimedia.org/wikipedia/commons/9/94/Flag_of_the_Comoros.svg"
    },
    {
        "country": "Repubblica del Congo",
        "capital": "Brazzaville",
        "flag": "//upload.wikimedia.org/wikipedia/commons/9/92/Flag_of_the_Republic_of_the_Congo.svg"
    },
    {
        "country": "Costa Rica",
        "capital": "San Josè",
        "flag": "//upload.wikimedia.org/wikipedia/commons/b/bc/Flag_of_Costa_Rica_%28state%29.svg"
    },
    {
        "country": "Croazia",
        "capital": "Zagabria",
        "flag": "//upload.wikimedia.org/wikipedia/commons/1/1b/Flag_of_Croatia.svg"
    },
    {
        "country": "Cuba",
        "capital": "L'Avana",
        "flag": "//upload.wikimedia.org/wikipedia/commons/b/bd/Flag_of_Cuba.svg"
    },
    {
        "country": "Cipro",
        "capital": "Nicosia",
        "flag": "//upload.wikimedia.org/wikipedia/commons/d/d4/Flag_of_Cyprus.svg"
    },
    {
        "country": "Repubblica ceca",
        "capital": "Praga",
        "flag": "//upload.wikimedia.org/wikipedia/commons/c/cb/Flag_of_the_Czech_Republic.svg"
    },
    {
        "country": "Danimarca",
        "capital": "Copenaghen",
        "flag": "//upload.wikimedia.org/wikipedia/commons/9/9c/Flag_of_Denmark.svg"
    },
    {
        "country": "Gibuti",
        "capital": "Gibuti",
        "flag": "//upload.wikimedia.org/wikipedia/commons/3/34/Flag_of_Djibouti.svg"
    },
    {
        "country": "Dominica",
        "capital": "Roseau",
        "flag": "//upload.wikimedia.org/wikipedia/commons/c/c4/Flag_of_Dominica.svg"
    },
    {
        "country": "Repubblica Dominicana",
        "capital": "Santo Domingo",
        "flag": "//upload.wikimedia.org/wikipedia/commons/9/9f/Flag_of_the_Dominican_Republic.svg"
    },
    {
        "country": "Ecuador",
        "capital": "Quito",
        "flag": "//upload.wikimedia.org/wikipedia/commons/e/e8/Flag_of_Ecuador.svg"
    },
    {
        "country": "Egitto",
        "capital": "Cairo",
        "flag": "//upload.wikimedia.org/wikipedia/commons/f/fe/Flag_of_Egypt.svg"
    },
    {
        "country": "El Salvador",
        "capital": "San Salvador",
        "flag": "//upload.wikimedia.org/wikipedia/commons/3/34/Flag_of_El_Salvador.svg"
    },
    {
        "country": "Guinea equatoriale",
        "capital": "Malabo",
        "flag": "//upload.wikimedia.org/wikipedia/commons/3/31/Flag_of_Equatorial_Guinea.svg"
    },
    {
        "country": "Eritrea",
        "capital": "Asmara",
        "flag": "//upload.wikimedia.org/wikipedia/commons/2/29/Flag_of_Eritrea.svg"
    },
    {
        "country": "Estonia",
        "capital": "Tallinn",
        "flag": "//upload.wikimedia.org/wikipedia/commons/8/8f/Flag_of_Estonia.svg"
    },
    {
        "country": "Etiopia",
        "capital": "Addis Abeba",
        "flag": "//upload.wikimedia.org/wikipedia/commons/7/71/Flag_of_Ethiopia.svg"
    },
    {
        "country": "Finlandia",
        "capital": "Helsinki",
        "flag": "//upload.wikimedia.org/wikipedia/commons/b/bc/Flag_of_Finland.svg"
    },
    {
        "country": "Francia",
        "capital": "Parigi",
        "flag": "//upload.wikimedia.org/wikipedia/en/c/c3/Flag_of_France.svg"
    },
    {
        "country": "Gabon",
        "capital": "Libreville",
        "flag": "//upload.wikimedia.org/wikipedia/commons/0/04/Flag_of_Gabon.svg"
    },
    {
        "country": "Gambia",
        "capital": "Banjul",
        "flag": "//upload.wikimedia.org/wikipedia/commons/7/77/Flag_of_The_Gambia.svg"
    },
    {
        "country": "Georgia",
        "capital": "Tbilisi",
        "flag": "//upload.wikimedia.org/wikipedia/commons/0/0f/Flag_of_Georgia.svg"
    },
    {
        "country": "Germania",
        "capital": "Berlino",
        "flag": "//upload.wikimedia.org/wikipedia/en/b/ba/Flag_of_Germany.svg"
    },
    {
        "country": "Ghana",
        "capital": "Accra",
        "flag": "//upload.wikimedia.org/wikipedia/commons/1/19/Flag_of_Ghana.svg"
    },
    {
        "country": "Gibilterra",
        "capital": "Gibilterra",
        "flag": "//upload.wikimedia.org/wikipedia/commons/0/02/Flag_of_Gibraltar.svg"
    },
    {
        "country": "Grecia",
        "capital": "Atene",
        "flag": "//upload.wikimedia.org/wikipedia/commons/5/5c/Flag_of_Greece.svg"
    },
    {
        "country": "Grenada",
        "capital": "Saint George's",
        "flag": "//upload.wikimedia.org/wikipedia/commons/b/bc/Flag_of_Grenada.svg"
    },
    {
        "country": "Guatemala",
        "capital": "Città del Guatemala",
        "flag": "//upload.wikimedia.org/wikipedia/commons/e/ec/Flag_of_Guatemala.svg"
    },
    {
        "country": "Guinea",
        "capital": "Conakry",
        "flag": "//upload.wikimedia.org/wikipedia/commons/e/ed/Flag_of_Guinea.svg"
    },
    {
        "country": "Guinea-Bissau",
        "capital": "Bissau",
        "flag": "//upload.wikimedia.org/wikipedia/commons/0/01/Flag_of_Guinea-Bissau.svg"
    },
    {
        "country": "Guyana",
        "capital": "Georgetown",
        "flag": "//upload.wikimedia.org/wikipedia/commons/9/99/Flag_of_Guyana.svg"
    },
    {
        "country": "Haiti",
        "capital": "Port-au-Prince",
        "flag": "//upload.wikimedia.org/wikipedia/commons/5/56/Flag_of_Haiti.svg"
    },
    {
        "country": "Città del vaticano",
        "capital": "Città del vaticano",
        "flag": "//upload.wikimedia.org/wikipedia/commons/0/00/Flag_of_the_Vatican_City.svg"
    },
    {
        "country": "Honduras",
        "capital": "Tegucigalpa",
        "flag": "//upload.wikimedia.org/wikipedia/commons/8/82/Flag_of_Honduras.svg"
    },
    {
        "country": "Ungheria",
        "capital": "Budapest",
        "flag": "//upload.wikimedia.org/wikipedia/commons/c/c1/Flag_of_Hungary.svg"
    },
    {
        "country": "Islanda",
        "capital": "Reykjavik",
        "flag": "//upload.wikimedia.org/wikipedia/commons/c/ce/Flag_of_Iceland.svg"
    },
    {
        "country": "India",
        "capital": "Nuova Delhi",
        "flag": "//upload.wikimedia.org/wikipedia/en/4/41/Flag_of_India.svg"
    },
    {
        "country": "Indonesia",
        "capital": "Giacarta",
        "flag": "//upload.wikimedia.org/wikipedia/commons/9/9f/Flag_of_Indonesia.svg"
    },
    {
        "country": "Iraq",
        "capital": "Baghdad",
        "flag": "//upload.wikimedia.org/wikipedia/commons/f/f6/Flag_of_Iraq.svg"
    },
    {
        "country": "Irlanda",
        "capital": "Dublino",
        "flag": "//upload.wikimedia.org/wikipedia/commons/4/45/Flag_of_Ireland.svg"
    },
    {
        "country": "Israele",
        "capital": "Gerusalemme",
        "flag": "//upload.wikimedia.org/wikipedia/commons/d/d4/Flag_of_Israel.svg"
    },
    {
        "country": "Italia",
        "capital": "Roma",
        "flag": "//upload.wikimedia.org/wikipedia/en/0/03/Flag_of_Italy.svg"
    },
    {
        "country": "Giamaica",
        "capital": "Kingston",
        "flag": "//upload.wikimedia.org/wikipedia/commons/0/0a/Flag_of_Jamaica.svg"
    },
    {
        "country": "Giappone",
        "capital": "Tokyo",
        "flag": "//upload.wikimedia.org/wikipedia/en/9/9e/Flag_of_Japan.svg"
    },
    {
        "country": "Giordania",
        "capital": "Amman",
        "flag": "//upload.wikimedia.org/wikipedia/commons/c/c0/Flag_of_Jordan.svg"
    },
    {
        "country": "Kazakistan",
        "capital": "Nur-sultan",
        "flag": "//upload.wikimedia.org/wikipedia/commons/d/d3/Flag_of_Kazakhstan.svg"
    },
    {
        "country": "Kenya",
        "capital": "Nairobi",
        "flag": "//upload.wikimedia.org/wikipedia/commons/4/49/Flag_of_Kenya.svg"
    },
    {
        "country": "Kiribati",
        "capital": "Tarawa sud",
        "flag": "//upload.wikimedia.org/wikipedia/commons/d/d3/Flag_of_Kiribati.svg"
    },
    {
        "country": "Kuwait",
        "capital": "Al Kuwait",
        "flag": "//upload.wikimedia.org/wikipedia/commons/a/aa/Flag_of_Kuwait.svg"
    },
    {
        "country": "Kirghizistan",
        "capital": "Bishkek",
        "flag": "//upload.wikimedia.org/wikipedia/commons/c/c7/Flag_of_Kyrgyzstan.svg"
    },
    {
        "country": "Lettonia",
        "capital": "Riga",
        "flag": "//upload.wikimedia.org/wikipedia/commons/8/84/Flag_of_Latvia.svg"
    },
    {
        "country": "Libano",
        "capital": "Beirut",
        "flag": "//upload.wikimedia.org/wikipedia/commons/5/59/Flag_of_Lebanon.svg"
    },
    {
        "country": "Lesotho",
        "capital": "Maseru",
        "flag": "//upload.wikimedia.org/wikipedia/commons/4/4a/Flag_of_Lesotho.svg"
    },
    {
        "country": "Liberia",
        "capital": "Monrovia",
        "flag": "//upload.wikimedia.org/wikipedia/commons/b/b8/Flag_of_Liberia.svg"
    },
    {
        "country": "Liechtenstein",
        "capital": "Vaduz",
        "flag": "//upload.wikimedia.org/wikipedia/commons/4/47/Flag_of_Liechtenstein.svg"
    },
    {
        "country": "Lituania",
        "capital": "Vilnius",
        "flag": "//upload.wikimedia.org/wikipedia/commons/1/11/Flag_of_Lithuania.svg"
    },
    {
        "country": "Lussemburgo",
        "capital": "Lussemburgo",
        "flag": "//upload.wikimedia.org/wikipedia/commons/d/da/Flag_of_Luxembourg.svg"
    },
    {
        "country": "Macao",
        "capital": "Macao",
        "flag": "//upload.wikimedia.org/wikipedia/commons/6/63/Flag_of_Macau.svg"
    },
    {
        "country": "Madagascar",
        "capital": "Antananarivo",
        "flag": "//upload.wikimedia.org/wikipedia/commons/b/bc/Flag_of_Madagascar.svg"
    },
    {
        "country": "Malawi",
        "capital": "Lilongwe",
        "flag": "//upload.wikimedia.org/wikipedia/commons/d/d1/Flag_of_Malawi.svg"
    },
    {
        "country": "Malaysia",
        "capital": "Kuala Lumpur",
        "flag": "//upload.wikimedia.org/wikipedia/commons/6/66/Flag_of_Malaysia.svg"
    },
    {
        "country": "Maldive",
        "capital": "Malè",
        "flag": "//upload.wikimedia.org/wikipedia/commons/0/0f/Flag_of_Maldives.svg"
    },
    {
        "country": "Mali",
        "capital": "Bamako",
        "flag": "//upload.wikimedia.org/wikipedia/commons/9/92/Flag_of_Mali.svg"
    },
    {
        "country": "Malta",
        "capital": "Valletta",
        "flag": "//upload.wikimedia.org/wikipedia/commons/7/73/Flag_of_Malta.svg"
    },
    {
        "country": "Isole Marshall",
        "capital": "Majuro",
        "flag": "//upload.wikimedia.org/wikipedia/commons/2/2e/Flag_of_the_Marshall_Islands.svg"
    },
    {
        "country": "Mauritania",
        "capital": "Nouakchott",
        "flag": "//upload.wikimedia.org/wikipedia/commons/4/43/Flag_of_Mauritania.svg"
    },
    {
        "country": "Mauritius",
        "capital": "Port-Louis",
        "flag": "//upload.wikimedia.org/wikipedia/commons/7/77/Flag_of_Mauritius.svg"
    },
    {
        "country": "Messico",
        "capital": "Città del Messico",
        "flag": "//upload.wikimedia.org/wikipedia/commons/f/fc/Flag_of_Mexico.svg"
    },
    {
        "country": "Monaco",
        "capital": "Monaco",
        "flag": "//upload.wikimedia.org/wikipedia/commons/e/ea/Flag_of_Monaco.svg"
    },
    {
        "country": "Mongolia",
        "capital": "Ulan Bator",
        "flag": "//upload.wikimedia.org/wikipedia/commons/4/4c/Flag_of_Mongolia.svg"
    },
    {
        "country": "Montenegro",
        "capital": "Podgorica",
        "flag": "//upload.wikimedia.org/wikipedia/commons/6/64/Flag_of_Montenegro.svg"
    },
    {
        "country": "Marocco",
        "capital": "Rabat",
        "flag": "//upload.wikimedia.org/wikipedia/commons/2/2c/Flag_of_Morocco.svg"
    },
    {
        "country": "Mozambico",
        "capital": "Maputo",
        "flag": "//upload.wikimedia.org/wikipedia/commons/d/d0/Flag_of_Mozambique.svg"
    },
    {
        "country": "Birmania",
        "capital": "Naypydaw",
        "flag": "//upload.wikimedia.org/wikipedia/commons/8/8c/Flag_of_Myanmar.svg"
    },
    {
        "country": "Namibia",
        "capital": "Windhoek",
        "flag": "//upload.wikimedia.org/wikipedia/commons/0/00/Flag_of_Namibia.svg"
    },
    {
        "country": "Nepal",
        "capital": "Kathmandu",
        "flag": "//upload.wikimedia.org/wikipedia/commons/9/9b/Flag_of_Nepal.svg"
    },
    {
        "country": "Paesi bassi",
        "capital": "Amsterdam",
        "flag": "//upload.wikimedia.org/wikipedia/commons/2/20/Flag_of_the_Netherlands.svg"
    },
    {
        "country": "Nuova Zelanda",
        "capital": "Wellington",
        "flag": "//upload.wikimedia.org/wikipedia/commons/3/3e/Flag_of_New_Zealand.svg"
    },
    {
        "country": "Nicaragua",
        "capital": "Managua",
        "flag": "//upload.wikimedia.org/wikipedia/commons/1/19/Flag_of_Nicaragua.svg"
    },
    {
        "country": "Niger",
        "capital": "Niamey",
        "flag": "//upload.wikimedia.org/wikipedia/commons/f/f4/Flag_of_Niger.svg"
    },
    {
        "country": "Nigeria",
        "capital": "Abuja",
        "flag": "//upload.wikimedia.org/wikipedia/commons/7/79/Flag_of_Nigeria.svg"
    },
    {
        "country": "Norvegia",
        "capital": "Oslo",
        "flag": "//upload.wikimedia.org/wikipedia/commons/d/d9/Flag_of_Norway.svg"
    },
    {
        "country": "Oman",
        "capital": "Mascate",
        "flag": "//upload.wikimedia.org/wikipedia/commons/d/dd/Flag_of_Oman.svg"
    },
    {
        "country": "Pakistan",
        "capital": "Islamabad",
        "flag": "//upload.wikimedia.org/wikipedia/commons/3/32/Flag_of_Pakistan.svg"
    },
    {
        "country": "Palau",
        "capital": "Ngerulmud",
        "flag": "//upload.wikimedia.org/wikipedia/commons/4/48/Flag_of_Palau.svg"
    },
    {
        "country": "Panama",
        "capital": "Città di Panama",
        "flag": "//upload.wikimedia.org/wikipedia/commons/a/ab/Flag_of_Panama.svg"
    },
    {
        "country": "Papua Nuova Guinea",
        "capital": "Port Moresby",
        "flag": "//upload.wikimedia.org/wikipedia/commons/e/e3/Flag_of_Papua_New_Guinea.svg"
    },
    {
        "country": "Paraguay",
        "capital": "Asuncion",
        "flag": "//upload.wikimedia.org/wikipedia/commons/2/27/Flag_of_Paraguay.svg"
    },
    {
        "country": "Peru",
        "capital": "Lima",
        "flag": "//upload.wikimedia.org/wikipedia/commons/c/cf/Flag_of_Peru.svg"
    },
    {
        "country": "Filippine",
        "capital": "Manila",
        "flag": "//upload.wikimedia.org/wikipedia/commons/9/99/Flag_of_the_Philippines.svg"
    },
    {
        "country": "Polonia",
        "capital": "Varsavia",
        "flag": "//upload.wikimedia.org/wikipedia/en/1/12/Flag_of_Poland.svg"
    },
    {
        "country": "Portogallo",
        "capital": "Lisbona",
        "flag": "//upload.wikimedia.org/wikipedia/commons/5/5c/Flag_of_Portugal.svg"
    },
    {
        "country": "Puerto Rico",
        "capital": "San Juan",
        "flag": "//upload.wikimedia.org/wikipedia/commons/2/28/Flag_of_Puerto_Rico.svg"
    },
    {
        "country": "Qatar",
        "capital": "Doha",
        "flag": "//upload.wikimedia.org/wikipedia/commons/6/65/Flag_of_Qatar.svg"
    },
    {
        "country": "Romania",
        "capital": "Bucurest",
        "flag": "//upload.wikimedia.org/wikipedia/commons/7/73/Flag_of_Romania.svg"
    },
    {
        "country": "Russia",
        "capital": "Mosca",
        "flag": "//upload.wikimedia.org/wikipedia/en/f/f3/Flag_of_Russia.svg"
    },
    {
        "country": "Ruanda",
        "capital": "Kigali",
        "flag": "//upload.wikimedia.org/wikipedia/commons/1/17/Flag_of_Rwanda.svg"
    },
    {
        "country": "Saint Kitts and Nevis",
        "capital": "Basseterre",
        "flag": "//upload.wikimedia.org/wikipedia/commons/f/fe/Flag_of_Saint_Kitts_and_Nevis.svg"
    },
    {
        "country": "Saint Lucia",
        "capital": "Castries",
        "flag": "//upload.wikimedia.org/wikipedia/commons/9/9f/Flag_of_Saint_Lucia.svg"
    },
    {
        "country": "Saint Vincent e Grenadine",
        "capital": "Kingstown",
        "flag": "//upload.wikimedia.org/wikipedia/commons/6/6d/Flag_of_Saint_Vincent_and_the_Grenadines.svg"
    },
    {
        "country": "Samoa",
        "capital": "Apia",
        "flag": "//upload.wikimedia.org/wikipedia/commons/3/31/Flag_of_Samoa.svg"
    },
    {
        "country": "San Marino",
        "capital": "San Marino",
        "flag": "//upload.wikimedia.org/wikipedia/commons/b/b1/Flag_of_San_Marino.svg"
    },
    {
        "country": "Arabia Saudita",
        "capital": "Riad",
        "flag": "//upload.wikimedia.org/wikipedia/commons/0/0d/Flag_of_Saudi_Arabia.svg"
    },
    {
        "country": "Senegal",
        "capital": "Dakar",
        "flag": "//upload.wikimedia.org/wikipedia/commons/f/fd/Flag_of_Senegal.svg"
    },
    {
        "country": "Serbia",
        "capital": "Belgrado",
        "flag": "//upload.wikimedia.org/wikipedia/commons/f/ff/Flag_of_Serbia.svg"
    },
    {
        "country": "Seychelles",
        "capital": "Victoria",
        "flag": "//upload.wikimedia.org/wikipedia/commons/f/fc/Flag_of_Seychelles.svg"
    },
    {
        "country": "Sierra Leone",
        "capital": "Freetown",
        "flag": "//upload.wikimedia.org/wikipedia/commons/1/17/Flag_of_Sierra_Leone.svg"
    },
    {
        "country": "Singapore",
        "capital": "Singapore",
        "flag": "//upload.wikimedia.org/wikipedia/commons/4/48/Flag_of_Singapore.svg"
    },
    {
        "country": "Slovacchia",
        "capital": "Bratislava",
        "flag": "//upload.wikimedia.org/wikipedia/commons/e/e6/Flag_of_Slovakia.svg"
    },
    {
        "country": "Slovenia",
        "capital": "Lubiana",
        "flag": "//upload.wikimedia.org/wikipedia/commons/f/f0/Flag_of_Slovenia.svg"
    },
    {
        "country": "Isole Salomone",
        "capital": "Honiara",
        "flag": "//upload.wikimedia.org/wikipedia/commons/7/74/Flag_of_the_Solomon_Islands.svg"
    },
    {
        "country": "Somalia",
        "capital": "Mogadiscio",
        "flag": "//upload.wikimedia.org/wikipedia/commons/a/a0/Flag_of_Somalia.svg"
    },
    {
        "country": "Sudafrica",
        "capital": "Pretoria",
        "flag": "//upload.wikimedia.org/wikipedia/commons/a/af/Flag_of_South_Africa.svg"
    },
    {
        "country": "Spagna",
        "capital": "Madrid",
        "flag": "//upload.wikimedia.org/wikipedia/en/9/9a/Flag_of_Spain.svg"
    },
    {
        "country": "Sudan",
        "capital": "Khartum",
        "flag": "//upload.wikimedia.org/wikipedia/commons/0/01/Flag_of_Sudan.svg"
    },
    {
        "country": "Suriname",
        "capital": "Paramaribo",
        "flag": "//upload.wikimedia.org/wikipedia/commons/6/60/Flag_of_Suriname.svg"
    },
    {
        "country": "Svezia",
        "capital": "Stoccolma",
        "flag": "//upload.wikimedia.org/wikipedia/en/4/4c/Flag_of_Sweden.svg"
    },
    {
        "country": "Svizzera",
        "capital": "Berna",
        "flag": "//upload.wikimedia.org/wikipedia/commons/0/08/Flag_of_Switzerland_%28Pantone%29.svg"
    },
    {
        "country": "Tajikistan",
        "capital": "Dushanbe",
        "flag": "//upload.wikimedia.org/wikipedia/commons/d/d0/Flag_of_Tajikistan.svg"
    },
    {
        "country": "Tailandia",
        "capital": "Bangkok",
        "flag": "//upload.wikimedia.org/wikipedia/commons/a/a9/Flag_of_Thailand.svg"
    },
    {
        "country": "Togo",
        "capital": "Lomè",
        "flag": "//upload.wikimedia.org/wikipedia/commons/6/68/Flag_of_Togo.svg"
    },
    {
        "country": "Tonga",
        "capital": "Nuku'alofa",
        "flag": "//upload.wikimedia.org/wikipedia/commons/9/9a/Flag_of_Tonga.svg"
    },
    {
        "country": "Trinidad and Tobago",
        "capital": "Port of Spain",
        "flag": "//upload.wikimedia.org/wikipedia/commons/6/64/Flag_of_Trinidad_and_Tobago.svg"
    },
    {
        "country": "Tunisia",
        "capital": "Tunisi",
        "flag": "//upload.wikimedia.org/wikipedia/commons/c/ce/Flag_of_Tunisia.svg"
    },
    {
        "country": "Turchia",
        "capital": "Ankara",
        "flag": "//upload.wikimedia.org/wikipedia/commons/b/b4/Flag_of_Turkey.svg"
    },
    {
        "country": "Turkmenistan",
        "capital": "Ashgabat",
        "flag": "//upload.wikimedia.org/wikipedia/commons/1/1b/Flag_of_Turkmenistan.svg"
    },
    {
        "country": "Uganda",
        "capital": "Kampala",
        "flag": "//upload.wikimedia.org/wikipedia/commons/4/4e/Flag_of_Uganda.svg"
    },
    {
        "country": "Ucraina",
        "capital": "Kiev",
        "flag": "//upload.wikimedia.org/wikipedia/commons/4/49/Flag_of_Ukraine.svg"
    },
    {
        "country": "Emirati arabi uniti",
        "capital": "Abu Dhabi",
        "flag": "//upload.wikimedia.org/wikipedia/commons/c/cb/Flag_of_the_United_Arab_Emirates.svg"
    },
    {
        "country": "Regno unito",
        "capital": "Londra",
        "flag": "//upload.wikimedia.org/wikipedia/en/a/ae/Flag_of_the_United_Kingdom.svg"
    },
    {
        "country": "Stati uniti d'America",
        "capital": "Washington",
        "flag": "//upload.wikimedia.org/wikipedia/en/a/a4/Flag_of_the_United_States.svg"
    },
    {
        "country": "Uruguay",
        "capital": "Montevideo",
        "flag": "//upload.wikimedia.org/wikipedia/commons/f/fe/Flag_of_Uruguay.svg"
    },
    {
        "country": "Uzbekistan",
        "capital": "Toskent",
        "flag": "//upload.wikimedia.org/wikipedia/commons/8/84/Flag_of_Uzbekistan.svg"
    },
    {
        "country": "Vanuatu",
        "capital": "Port Vila",
        "flag": "//upload.wikimedia.org/wikipedia/commons/b/bc/Flag_of_Vanuatu.svg"
    },
    {
        "country": "Yemen",
        "capital": "Sana'a",
        "flag": "//upload.wikimedia.org/wikipedia/commons/8/89/Flag_of_Yemen.svg"
    },
    {
        "country": "Zambia",
        "capital": "Lusaka",
        "flag": "//upload.wikimedia.org/wikipedia/commons/0/06/Flag_of_Zambia.svg"
    },
    {
        "country": "Zimbabwe",
        "capital": "Harare",
        "flag": "//upload.wikimedia.org/wikipedia/commons/6/6a/Flag_of_Zimbabwe.svg"
    }
]